{
  "train_loss": [
    1.262151837348938,
    0.8403521180152893,
    0.64230877161026,
    0.5904279351234436,
    0.5448467135429382,
    0.4988739490509033,
    0.4545506238937378,
    0.44319814443588257,
    0.39345628023147583,
    0.3896717429161072,
    0.34168559312820435,
    0.3209916651248932,
    0.3232617974281311,
    0.29797276854515076,
    0.26234790682792664,
    0.23977236449718475,
    0.22772584855556488,
    0.21331892907619476,
    0.20214128494262695,
    0.19188933074474335,
    0.20754720270633698,
    0.22000877559185028,
    0.16551104187965393,
    0.1531798392534256,
    0.13795246183872223,
    0.09944768249988556,
    0.11270327121019363,
    0.10249778628349304,
    0.0951521024107933,
    0.09691512584686279,
    0.0851898044347763,
    0.0681338757276535,
    0.06255057454109192,
    0.08586227148771286,
    0.09251351654529572,
    0.07249227166175842,
    0.06358283013105392,
    0.05796220898628235,
    0.043146006762981415,
    0.04431392252445221,
    0.0350862480700016,
    0.03707391023635864,
    0.045867156237363815,
    0.036425914615392685,
    0.03599132224917412,
    0.023942267522215843,
    0.043366145342588425,
    0.033448439091444016,
    0.03250861540436745,
    0.039956025779247284
  ],
  "train_accuracy": [
    0.5366666913032532,
    0.6266666650772095,
    0.7266666889190674,
    0.7300000190734863,
    0.746666669845581,
    0.7733333110809326,
    0.800000011920929,
    0.8066666722297668,
    0.8600000143051147,
    0.8399999737739563,
    0.8833333253860474,
    0.8866666555404663,
    0.8766666650772095,
    0.8966666460037231,
    0.9266666769981384,
    0.9300000071525574,
    0.9266666769981384,
    0.9333333373069763,
    0.9266666769981384,
    0.9300000071525574,
    0.9300000071525574,
    0.9266666769981384,
    0.9399999976158142,
    0.9433333277702332,
    0.949999988079071,
    0.9700000286102295,
    0.9566666483879089,
    0.9666666388511658,
    0.9733333587646484,
    0.9700000286102295,
    0.9666666388511658,
    0.9800000190734863,
    0.9900000095367432,
    0.9700000286102295,
    0.9700000286102295,
    0.9833333492279053,
    0.9833333492279053,
    0.9900000095367432,
    0.996666669845581,
    0.9866666793823242,
    0.9900000095367432,
    0.9933333396911621,
    0.9833333492279053,
    0.9933333396911621,
    0.9866666793823242,
    0.996666669845581,
    0.9833333492279053,
    0.9900000095367432,
    0.9933333396911621,
    0.9866666793823242
  ],
  "val_loss": [
    1.5396981239318848,
    1.5054824352264404,
    1.497667670249939,
    1.4781761169433594,
    1.4696743488311768,
    1.4573862552642822,
    1.4345512390136719,
    1.4338096380233765,
    1.429980993270874,
    1.4106496572494507,
    1.4068509340286255,
    1.3970284461975098,
    1.3891501426696777,
    1.3671579360961914,
    1.3610851764678955,
    1.3546773195266724,
    1.3511987924575806,
    1.34502112865448,
    1.3452473878860474,
    1.3444331884384155,
    1.3259081840515137,
    1.2866610288619995,
    1.3148118257522583,
    1.3404545783996582,
    1.3512670993804932,
    1.371397614479065,
    1.2231067419052124,
    1.2446471452713013,
    1.2301361560821533,
    1.0807644128799438,
    1.0070316791534424,
    1.0354816913604736,
    1.0449812412261963,
    0.9536377191543579,
    0.8672493696212769,
    0.7400204539299011,
    0.7946380972862244,
    0.6247779726982117,
    0.7370610237121582,
    0.8219302892684937,
    0.627559244632721,
    0.6803750395774841,
    0.5569496154785156,
    0.6178284287452698,
    0.49767348170280457,
    0.48044779896736145,
    0.5949854850769043,
    0.3087497651576996,
    0.40089288353919983,
    0.3998383581638336
  ],
  "val_accuracy": [
    0.4533333480358124,
    0.5333333611488342,
    0.3466666638851166,
    0.4533333480358124,
    0.3333333432674408,
    0.2933333218097687,
    0.3466666638851166,
    0.3333333432674408,
    0.3866666555404663,
    0.3199999928474426,
    0.3199999928474426,
    0.3466666638851166,
    0.3466666638851166,
    0.3733333349227905,
    0.3866666555404663,
    0.41333332657814026,
    0.3466666638851166,
    0.3333333432674408,
    0.3333333432674408,
    0.4000000059604645,
    0.3333333432674408,
    0.3333333432674408,
    0.3199999928474426,
    0.3333333432674408,
    0.3333333432674408,
    0.3333333432674408,
    0.3333333432674408,
    0.3333333432674408,
    0.3333333432674408,
    0.3466666638851166,
    0.5600000023841858,
    0.3866666555404663,
    0.36000001430511475,
    0.54666668176651,
    0.5866666436195374,
    0.7066666483879089,
    0.5199999809265137,
    0.7599999904632568,
    0.6666666865348816,
    0.5066666603088379,
    0.6933333277702332,
    0.5600000023841858,
    0.800000011920929,
    0.746666669845581,
    0.7866666913032532,
    0.8133333325386047,
    0.6933333277702332,
    0.8666666746139526,
    0.7733333110809326,
    0.8266666531562805
  ]
}